" a55 ",
" a55hole ",
" aeolus ",
" ahole ",
" anal ",
" analprobe ",
" anilingus ",
" anus ",
" areola ",
" areole ",
" arian ",
" aryan ",
" ass ",
" assbang ",
" assbanged ",
" assbangs ",
" asses ",
" assfuck ",
" assfucker ",
" assh0le ",
" asshat ",
" assho1e ",
" ass hole ",
" assholes ",
" assmaster ",
" assmunch ",
" asswipe ",
" asswipes ",
" azazel ",
" azz ",
" b1tch ",
" babe ",
" babes ",
" ballsack ",
" bang ",
" banger ",
" barf ",
" bastard ",
" bastards ",
" bawdy ",
" beaner ",
" beardedclam ",
" beastiality ",
" beatch ",
" beater ",
" beaver ",
" beer ",
" beeyotch ",
" beotch ",
" biatch ",
" bigtits ",
" big tits ",
" bimbo ",
" bitch ",
" bitched ",
" bitches ",
" bitchy ",
" blow job ",
" blow ",
" blowjob ",
" blowjobs ",
" bodily ",
" boink ",
" bollock ",
" bollocks ",
" bollok ",
" bone ",
" boned ",
" boner ",
" boners ",
" bong ",
" boob ",
" boobies ",
" boobs ",
" booby ",
" booger ",
" bootee ",
" bootie ",
" booty ",
" booze ",
" boozer ",
" boozy ",
" bosom ",
" bosomy ",
" bowel ",
" bowels ",
" bra ",
" brassiere ",
" breast ",
" breasts ",
" bugger ",
" bukkake ",
" bullshit ",
" bull shit ",
" bullshits ",
" bullshitted ",
" bullturds ",
" bung ",
" busty ",
" butt ",
" butt fuck ",
" buttfuck ",
" buttfucker ",
" buttfucker ",
" buttplug ",
" c0ck ",
" caca ",
" cahone ",
" cameltoe ",
" carpetmuncher ",
" cawk ",
" cervix ",
" chinc ",
" chincs ",
" chink ",
" chink ",
" chode ",
" chodes ",
" cl1t ",
" climax ",
" clit ",
" clitoris ",
" clitorus ",
" clits ",
" clitty ",
" cocain ",
" cocaine ",
" cock ",
" cockblock ",
" cockholster ",
" cockknocker ",
" cocks ",
" cocksmoker ",
" cocksucker ",
" cock sucker ",
" coital ",
" commie ",
" condom ",
" coon ",
" coons ",
" corksucker ",
" crabs ",
" crack ",
" cracker ",
" crackwhore ",
" crap ",
" crappy ",
" cum ",
" cummin ",
" cumming ",
" cumshot ",
" cumshots ",
" cumslut ",
" cumstain ",
" cunilingus ",
" cunnilingus ",
" cunny ",
" cunt ",
" cunt ",
" cuntface ",
" cunthunter ",
" cuntlick ",
" cuntlicker ",
" cunts ",
" d0ng ",
" d0uch3 ",
" d0uche ",
" d1ck ",
" d1ld0 ",
" d1ldo ",
" dago ",
" dagos ",
" dammit ",
" damn ",
" damned ",
" damnit ",
" dick ",
" dickbag ",
" dickdipper ",
" dickface ",
" dickflipper ",
" dickhead ",
" dickheads ",
" dickish ",
" dickripper ",
" dicksipper ",
" dickweed ",
" dickwhipper ",
" dickzipper ",
" diddle ",
" dike ",
" dildo ",
" dildos ",
" diligaf ",
" dillweed ",
" dimwit ",
" dingle ",
" dipship ",
" dong ",
" doofus ",
" doosh ",
" dopey ",
" douch3 ",
" douche ",
" douchebag ",
" douchebags ",
" douchey ",
" drunk ",
" dumass ",
" dumbass ",
" dumbasses ",
" dummy ",
" dyke ",
" dykes ",
" ejaculate ",
" enlargement ",
" erect ",
" erection ",
" erotic ",
" essohbee ",
" extacy ",
" extasy ",
" fack ",
" fag ",
" fagg ",
" fagged ",
" faggit ",
" faggot ",
" fagot ",
" fags ",
" faig ",
" faigt ",
" fannybandit ",
" fart ",
" fartknocker ",
" fat ",
" felch ",
" felcher ",
" felching ",
" fellate ",
" fellatio ",
" feltch ",
" feltcher ",
" fisted ",
" fisting ",
" fisty ",
" floozy ",
" foad ",
" fondle ",
" foobar ",
" foreskin ",
" freex ",
" frigg ",
" frigga ",
" fubar ",
" fuck ",
" fuckass ",
" fucked ",
" fucked ",
" fucker ",
" fuckface ",
" fuckin ",
" fucking ",
" fucknugget ",
" fucknut ",
" fuckoff ",
" fucks ",
" fucktard ",
" fuckup ",
" fuckwad ",
" fuckwit ",
" fudgepacker ",
" fuk ",
" fvck ",
" fxck ",
" gae ",
" gai ",
" ganja ",
" gigolo ",
" glans ",
" goatse ",
" godamn ",
" godamnit ",
" goddam ",
" goddammit ",
" goddamn ",
" goldenshower ",
" gonad ",
" gonads ",
" gook ",
" gooks ",
" gringo ",
" gspot ",
" gtfo ",
" guido ",
" h0m0 ",
" h0mo ",
" handjob ",
" hard on ",
" he11 ",
" hebe ",
" heeb ",
" hell ",
" hemp ",
" heroin ",
" herp ",
" herpes ",
" herpy ",
" hitler ",
" hiv ",
" hobag ",
" hom0 ",
" homey ",
" homo ",
" homoey ",
" honky ",
" hooch ",
" hookah ",
" hooker ",
" hoor ",
" hootch ",
" hooter ",
" hooters ",
" horny ",
" hump ",
" humped ",
" humping ",
" hussy ",
" hymen ",
" inbred ",
" incest ",
" injun ",
" j3rk0ff ",
" jackass ",
" jackhole ",
" jackoff ",
" jap ",
" japs ",
" jerk ",
" jerk0ff ",
" jerked ",
" jerkoff ",
" jism ",
" jiz ",
" jizm ",
" jizz ",
" jizzed ",
" junkie ",
" junky ",
" kike ",
" kikes ",
" kill ",
" kinky ",
" kkk ",
" klan ",
" knobend ",
" kooch ",
" kooches ",
" kootch ",
" kraut ",
" kyke ",
" labia ",
" lech ",
" leper ",
" lesbians ",
" lesbo ",
" lesbos ",
" lez ",
" lezbian ",
" lezbians ",
" lezbo ",
" lezbos ",
" lezzie ",
" lezzies ",
" lezzy ",
" lmao ",
" lmfao ",
" loin ",
" loins ",
" lube ",
" lusty ",
" mams ",
" massa ",
" masterbate ",
" masterbating ",
" masterbation ",
" masturbate ",
" masturbating ",
" masturbation ",
" maxi ",
" meth ",
" mofo ",
" molest ",
" moolie ",
" moron ",
" motherfucka ",
" motherfucker ",
" motherfucking ",
" mtherfucker ",
" mthrfucker ",
" mthrfucking ",
" muff ",
" muffdiver ",
" murder ",
" muthafuckaz ",
" muthafucker ",
" mutherfucker ",
" mutherfucking ",
" muthrfucking ",
" nad ",
" nads ",
" naked ",
" napalm ",
" nappy ",
" nazi ",
" nazism ",
" negro ",
" nigga ",
" niggah ",
" niggas ",
" niggaz ",
" nigger ",
" nigger ",
" niggers ",
" niggle ",
" niglet ",
" nimrod ",
" ninny ",
" nipple ",
" nooky ",
" nympho ",
" opiate ",
" opium ",
" oral ",
" orally ",
" organ ",
" orgasm ",
" orgasmic ",
" orgies ",
" orgy ",
" paddy ",
" paki ",
" pantie ",
" panties ",
" panty ",
" pastie ",
" pasty ",
" pcp ",
" pecker ",
" pedo ",
" pedophile ",
" pedophilia ",
" pedophiliac ",
" pee ",
" peepee ",
" penetrate ",
" penetration ",
" penial ",
" penile ",
" penis ",
" perversion ",
" peyote ",
" phalli ",
" phallic ",
" phuck ",
" pillowbiter ",
" pimp ",
" pinko ",
" piss ",
" pissed ",
" pissoff ",
" pms ",
" polack ",
" pollock ",
" poon ",
" poontang ",
" porn ",
" porno ",
" pornography ",
" pot ",
" potty ",
" prick ",
" prig ",
" prostitute ",
" prude ",
" pube ",
" pubic ",
" pubis ",
" punkass ",
" punky ",
" puss ",
" pussies ",
" pussy ",
" pussypounder ",
" puto ",
" queaf ",
" queef ",
" queef ",
" queero ",
" queers ",
" quicky ",
" quim ",
" racy ",
" rape ",
" raped ",
" raper ",
" rapist ",
" raunch ",
" rectal ",
" rectum ",
" rectus ",
" reefer ",
" reetard ",
" reich ",
" retard ",
" retarded ",
" revue ",
" rimjob ",
" ritard ",
" rtard ",
" rum ",
" rump ",
" rumprammer ",
" ruski ",
" s0b ",
" sadism ",
" sadist ",
" scag ",
" scantily ",
" schizo ",
" schlong ",
" screw ",
" screwed ",
" scrog ",
" scrot ",
" scrote ",
" scrotum ",
" scrud ",
" scum ",
" seaman ",
" seamen ",
" seduce ",
" semen ",
" sex ",
" sexual ",
" sh1t ",
" shamedame ",
" shit ",
" shite ",
" shiteater ",
" shitface ",
" shithead ",
" shithole ",
" shithouse ",
" shits ",
" shitt ",
" shitted ",
" shitter ",
" shitty ",
" shiz ",
" sissy ",
" skag ",
" skank ",
" slave ",
" sleaze ",
" sleazy ",
" slut ",
" slutdumper ",
" slutkiss ",
" sluts ",
" smegma ",
" smut ",
" smutty ",
" snatch ",
" sniper ",
" snuff ",
" sodom ",
" souse ",
" soused ",
" sperm ",
" spic ",
" spick ",
" spik ",
" spiks ",
" spooge ",
" spunk ",
" steamy ",
" stfu ",
" stiffy ",
" stoned ",
" strip ",
" stroke ",
" stupid ",
" sumofabiatch ",
" t1t ",
" tard ",
" tawdry ",
" teabagging ",
" teat ",
" terd ",
" teste ",
" testee ",
" testes ",
" testicle ",
" testis ",
" thrust ",
" thug ",
" tinkle ",
" tit ",
" titfuck ",
" titi ",
" tits ",
" tittiefucker ",
" titties ",
" titty ",
" tittyfuck ",
" tittyfucker ",
" toke ",
" toots ",
" tramp ",
" transsexual ",
" tubgirl ",
" turd ",
" tush ",
" twat ",
" twats ",
" ugly ",
" undies ",
" urinal ",
" urine ",
" uzi ",
" vag ",
" vagina ",
" valium ",
" viagra ",
" virgin ",
" vixen ",
" vodka ",
" vomit ",
" voyeur ",
" vulgar ",
" vulva ",
" wad ",
" wang ",
" wank ",
" wanker ",
" wazoo ",
" wedgie ",
" weed ",
" weenie ",
" weewee ",
" weiner ",
" weirdo ",
" wench ",
" wetback ",
" wh0re ",
" wh0reface ",
" whitey ",
" whiz ",
" whoralicious ",
" whore ",
" whorealicious ",
" whored ",
" whoreface ",
" whorehopper ",
" whorehouse ",
" whores ",
" whoring ",
" wigger ",
" woody ",
" wop ",
" wtf ",
" xxx ",
" yobbo ",
" zoophile" 